No.,Sex,Name,Age,Height,Weight,Score
1,M,Felix,34,160.9,82.9,62
2,M,Moira,28,169.7,75.2,35
3,F,Dot,26,165.3,60.0,10
4,M,Muriel,34,152.3,68.6,9
5,M,Tabitha,25,163.8,74.6,98
6,M,Hal,40,177.7,81.2,74
7,M,David,37,161.9,66.9,76
8,M,Carrie,37,150.0,76.9,14
9,F,Agnes,21,153.8,49.7,63
10,F,Gabriel,26,183.3,84.8,15
11,M,Mick,19,173.6,74.5,80
12,F,Ellie,37,165.0,74.1,26
13,M,Kirsten,31,168.2,81.3,72
14,F,Patrick,30,162.8,71.1,29
15,F,Christine,38,174.8,63.8,97
16,F,Audrey,28,156.2,67.1,86
17,F,Leslie,35,154.3,59.1,56
18,M,Ivan,37,176.5,75.2,37
19,M,Hilary,25,162.2,70.5,52
20,F,Rodge,18,164.8,82.8,81
21,F,Tim,27,173.9,78.2,70
22,F,Nicole,24,170.8,53.9,42
23,M,Abel,29,172.5,85.5,1
24,M,Ambrose,32,172.8,99.6,44
25,F,Josie,39,165.7,54.6,97
26,F,Mervyn,38,184.9,96.9,9
27,F,Libby,26,161.2,47.7,23
28,M,Elsie,19,173.7,52.9,54
29,M,Penny,36,156.5,45.3,95
30,F,Billy,28,184.2,70.2,1
31,F,Harry,40,181.8,65.2,94
32,F,Belle,26,151.4,49.1,9
33,F,Dolly,19,150.8,66.5,56
34,M,Max,21,165.4,72.6,13
35,F,Gaston,36,167.7,83.7,31
36,F,Hilary,40,151.5,84.5,42
37,M,Lou,37,179.7,89.7,3
38,M,Hilary,20,150.8,72.6,49
39,F,Brendan,37,184.2,71.9,3
40,M,Jimmy,19,173.5,90.2,89
41,F,Jarvis,30,171.4,94.6,36
42,M,Amos,24,178.9,68.6,40
43,F,Chuck,24,162.6,91.4,5
44,M,Una,25,159.4,47.9,3
45,F,Lorna,24,159.9,82.3,1
46,M,Alethea,38,159.8,61.6,65
47,M,Winifred,38,156.6,59.8,92
48,F,Bert,33,175.8,65.7,42
49,F,Karl,31,180.1,63.1,41
50,F,Nahum,33,167.4,80.5,100
51,F,Jarvis,39,180.6,65.8,79
52,F,Nahum,34,172.2,93.0,71
53,M,Rosalyn,34,152.5,70.5,78
54,F,Nellie,32,152.2,55.5,26
55,F,Leila,22,174.7,55.7,5
56,F,Derek,30,163.6,68.7,2
57,F,Greg,23,171.1,85.0,4
58,M,Ellie,39,158.2,81.2,9
59,M,Jill,37,153.1,59.9,9
60,F,Malcolm,18,174.6,65.1,86
61,F,Miles,25,170.3,67.8,46
62,F,Dottie,35,174.1,54.7,19
63,M,Colleen,20,167.1,69.0,12
64,M,Floyd,19,170.1,88.9,24
65,M,Matt,20,175.4,65.5,86
66,F,Liam,30,160.1,90.3,21
67,F,Paul,26,163.0,97.2,19
68,F,Katharine,39,150.6,75.0,33
69,M,Ashley,28,158.7,59.6,43
70,F,Boris,38,163.1,91.1,31
71,M,Reg,21,184.5,98.0,12
72,M,Deb,39,164.8,70.0,46
73,M,Madeleine,26,151.0,77.0,39
74,M,Sophronia,19,168.0,79.6,2
75,M,Bruce,21,172.7,89.1,19
76,M,Rebecca,32,164.0,60.0,61
77,F,Sally,40,174.9,72.4,44
78,F,Jode,24,163.2,48.6,74
79,M,Angie,22,158.8,80.1,38
80,M,Kirsten,37,158.6,84.4,95
81,F,Greg,23,167.1,79.3,4
82,M,Isabel,40,151.2,55.7,18
83,F,Jimmy,18,160.9,82.9,18
84,M,Grace,27,171.4,63.7,2
85,F,Robin,35,157.6,53.6,84
86,F,Carla,30,162.4,74.7,27
87,F,Padraic,20,184.0,95.8,88
88,M,Ava,40,164.7,57.2,89
89,M,Kay,19,161.6,55.3,85
90,M,Lydia,38,151.5,76.4,31
91,F,Pearl,22,171.4,78.4,87
92,F,Leila,40,174.7,52.0,49
93,F,Jacob,30,181.0,99.2,97
94,M,Cedric,32,173.5,74.5,35
95,F,Irving,31,165.2,74.5,20
96,F,Katharine,32,167.3,64.2,36
97,M,Donna,38,150.1,72.3,17
98,F,Mike,34,164.4,88.0,44
99,M,Jocelyn,35,151.3,77.4,10
100,M,Reginald,34,183.1,70.3,95
101,F,Rachel,22,162.2,61.5,8
102,F,Cary,30,167.5,93.9,24
103,F,Anita,37,152.6,69.5,8
104,F,Jess,38,153.7,63.0,69
105,F,Clyde,38,180.8,68.1,29
106,F,Olivia,28,169.4,67.9,9
107,M,Bob,37,177.6,66.1,24
108,M,Aggie,25,171.5,74.1,12
109,M,Lily,40,159.1,72.8,72
110,F,Debby,30,162.2,49.7,96
111,F,Diane,27,155.6,79.4,83
112,F,Tommy,40,182.6,80.7,10
113,F,Lori,19,160.4,77.6,12
114,F,Poll,23,151.2,51.3,18
115,M,Debby,29,153.8,60.4,1
116,F,Jean,21,157.1,75.2,32
117,F,Frances,21,150.2,57.2,13
118,F,Sophia,18,159.2,71.9,50
119,M,Hedwig,36,173.8,59.8,52
120,F,Daphne,30,150.9,60.7,87
121,M,Juliana,19,160.8,69.4,34
122,M,Mildred,27,167.9,53.9,0
123,M,Gilbert,20,166.1,77.5,12
124,F,Kimberly,26,171.8,45.8,100
125,M,Hal,28,176.1,64.7,8
126,M,Richard,30,163.9,84.8,46
127,F,Matlhew,34,168.6,81.5,9
128,M,Bernard,34,173.1,67.4,29
129,M,Gloria,37,157.3,57.3,63
130,M,Sadie,32,165.5,64.8,52
131,F,Felix,24,169.5,89.9,31
132,F,Gilbert,26,178.1,96.2,78
133,M,Evadne,32,151.0,50.6,78
134,M,Elsie,39,159.9,46.8,57
135,M,Mandy,25,169.4,80.7,46
136,F,Allson,35,166.1,74.8,47
137,M,Oz,28,168.9,81.0,23
138,M,Livia,25,168.4,60.0,99
139,M,Carmen,39,170.9,78.5,9
140,M,Frederick,25,167.8,72.2,71
141,F,Mignon,36,153.0,50.9,46
142,F,Juliana,31,171.4,60.4,59
143,M,Ambrose,24,174.4,71.2,63
144,M,Hugh,29,174.7,65.5,88
145,F,Roger,24,171.5,91.5,42
146,M,Beryl,37,166.3,77.8,85
147,M,Sophie,21,175.0,70.5,12
148,F,Bradford,35,176.5,99.8,99
149,M,Jonathan,40,174.9,98.4,95
150,F,Willis,18,183.0,76.9,88
151,M,Bridget,23,160.4,53.0,4
152,M,Gary,26,175.1,81.1,7
153,M,Josephine,21,162.5,46.8,62
154,F,Kenneth,32,169.9,96.4,96
155,M,Elroy,32,169.0,96.1,54
156,M,Phyllis,29,171.3,56.7,52
157,F,Hugo,33,169.1,92.5,56
158,M,Gerard,19,165.9,69.1,75
159,M,Van,35,164.5,94.6,3
160,M,Pauline,19,168.5,48.8,1
161,F,Jemima,25,155.7,78.8,53
162,M,Hilary,33,152.7,66.4,56
163,F,Robbie,25,172.6,67.6,36
164,M,Sophia,27,156.0,66.2,47
165,M,Dave,22,175.4,62.9,24
166,M,Sandy,22,157.6,76.2,79
167,M,Amos,29,174.7,99.4,27
168,M,Caesar,19,180.6,65.6,19
169,M,Liam,40,167.0,63.0,42
170,M,Jean,28,158.8,46.6,99
171,M,Martina,21,153.7,70.9,86
172,M,Morgan,20,161.1,79.6,73
173,M,Viv,40,174.2,71.9,89
174,F,Connie,32,158.2,61.5,37
175,M,Madge,22,171.3,50.6,1
176,F,Mort,27,183.2,77.7,63
177,M,Stuart,29,165.6,80.7,60
178,F,Marilyn,35,158.5,51.4,25
179,M,Ethel,24,170.0,76.4,54
180,M,Olympia,38,153.7,60.2,78
181,F,Rosalyn,23,174.3,75.6,72
182,M,Jode,21,162.1,67.4,89
183,F,Nicky,26,182.3,65.9,11
184,M,Maisie,38,173.8,79.5,66
185,M,Malachi,23,179.6,77.1,14
186,M,Chrissie,37,170.8,66.1,55
187,F,Freddie,33,180.4,69.9,49
188,F,Sandy,24,168.8,93.1,83
189,M,Dawn,33,163.4,70.0,66
190,F,Roderick,30,183.8,68.8,93
191,M,Freddie,21,167.0,63.0,75
192,M,Hortensia,33,172.1,69.0,23
193,M,Crystal,33,171.6,84.0,4
194,M,Wally,28,169.5,65.8,70
195,M,Hedda,33,157.3,77.4,28
196,M,Doug,22,165.0,73.2,93
197,F,Nicholas,19,162.7,77.7,82
198,F,Beatrice,27,159.4,50.1,54
199,F,Rodge,25,180.2,68.6,22
200,F,Pancy,24,165.2,47.3,98
201,F,Grace,38,171.7,69.9,85
202,M,Ralph,28,166.6,99.5,26
203,F,Marlene,33,156.2,83.9,90
204,M,Millicent,26,168.6,76.3,4
205,M,Lester,27,183.2,85.7,16
206,M,Marty,32,161.4,85.5,43
207,F,Ada,32,174.5,50.1,25
208,M,Jack,21,163.3,76.1,15
209,F,Muriel,34,171.2,59.4,50
210,M,Seamas,32,167.4,90.5,82
211,F,Margaret,22,159.5,55.5,73
212,M,Aubrey,30,161.9,74.6,70
213,F,Emma,34,155.2,60.8,2
214,M,Fred,26,167.0,84.0,52
215,M,Edwin,30,162.8,84.7,28
216,M,Eve,22,153.8,45.1,14
217,F,Bob,28,184.0,71.3,68
218,M,Christopher,32,174.0,67.7,87
219,F,Nell,37,157.9,58.9,32
220,F,Edwin,39,166.5,66.8,64
221,M,Hector,39,169.8,73.8,19
222,M,Charlie,30,170.1,72.4,64
223,M,Irving,39,182.7,66.8,85
224,F,Isabel,25,159.7,79.3,56
225,M,Gene,25,152.4,48.1,40
226,F,Teddy,18,173.9,91.4,83
227,M,Bob,29,164.4,95.7,94
228,M,Robin,30,173.8,71.8,56
229,M,Philip,35,178.9,69.3,75
230,M,Nathan,25,179.8,76.9,21
231,F,Antonia,25,162.9,76.6,67
232,F,Sam,38,180.4,79.8,88
233,F,Michelle,23,170.7,81.5,64
234,F,Hedda,20,157.2,82.8,95
235,M,Ferdinand,38,180.3,85.8,23
236,F,Gloria,35,156.4,50.7,25
237,F,Angela,38,152.8,69.4,38
238,F,Duke,35,172.1,91.5,68
239,F,Jock,37,183.3,79.0,29
240,F,Jake,20,164.6,94.2,85
241,F,Flavia,30,155.8,58.7,54
242,M,Elmer,35,166.1,87.0,45
243,F,Rick,30,161.3,98.7,73
244,M,Daniel,26,184.4,66.1,89
245,M,Linda,24,150.8,74.2,52
246,F,Eugenia,34,171.2,64.1,10
247,M,Julius,34,183.7,99.5,44
248,F,Hank,39,174.0,81.7,60
249,M,Morris,34,160.5,98.5,35
250,F,Tommy,34,169.6,67.5,34
251,F,Morgan,25,169.6,90.0,20
252,F,Karl,25,169.7,66.3,64
253,M,Jerry,22,169.5,98.1,74
254,M,Salome,24,167.7,46.7,66
255,M,Dora,20,151.7,62.9,45
256,M,Marshall,27,170.9,88.8,83
257,M,Luman,19,161.4,62.4,76
258,F,Jean,19,164.0,45.3,61
259,F,Al,34,178.3,90.8,8
260,F,Judy,26,150.7,69.0,65
261,M,Agnes,19,166.0,66.8,58
262,F,Morris,21,182.9,85.8,7
263,M,Nadine,34,174.1,49.4,1
264,F,Mercedes,32,151.8,81.0,23
265,M,Urban,36,171.7,65.9,74
266,F,Elmer,22,167.8,81.1,32
267,F,Ross,37,170.2,66.5,73
268,M,Pru,39,164.5,63.1,7
269,M,Babs,23,155.0,54.3,22
270,F,Nita,19,157.2,72.6,60
271,M,Edith,40,159.4,78.9,36
272,F,Lily,29,170.2,58.2,31
273,M,Ed,18,164.9,88.8,10
274,F,Samson,18,176.1,78.5,67
275,F,Renee,18,170.4,59.3,96
276,F,Chris,27,178.3,92.0,74
277,M,Daphne,21,160.5,58.4,7
278,F,Penelope,19,159.5,55.8,91
279,M,Fay,38,164.6,51.6,24
280,M,Willy,30,163.0,60.7,69
281,M,Pancy,26,162.9,72.4,85
282,M,Billy,28,170.5,95.3,9
283,F,Molly,26,174.5,83.7,22
284,F,Maud,39,154.2,65.0,0
285,M,Aubrey,27,183.3,81.9,34
286,M,Hazel,30,166.6,72.0,33
287,F,Roger,39,184.5,93.1,74
288,M,Brittany,36,152.3,47.1,58
289,M,Fergus,31,181.1,98.7,83
290,F,Octavius,27,167.2,85.6,90
291,M,Sammy,32,164.1,80.7,36
292,M,Arnold,25,184.6,88.5,16
293,M,Urban,25,167.5,99.5,79
294,F,Theodoric,18,173.3,65.2,85
295,F,Adelaide,31,164.9,60.4,33
296,M,Malcolm,30,163.2,67.8,69
297,M,Lewis,19,171.2,75.5,42
298,F,Gordon,24,183.7,87.1,2
299,M,Osmond,21,162.5,90.5,23
300,F,Douglas,31,179.0,66.9,21
301,F,Marcia,39,172.3,70.7,95
302,F,Anita,33,156.9,66.5,47
303,F,Clark,28,174.9,98.0,21
304,F,Gilbert,21,174.1,62.5,84
305,M,Bobby,29,184.4,86.7,93
306,F,Silvia,19,160.9,55.8,62
307,M,Yvonne,25,171.6,58.0,4
308,M,Dexter,24,160.5,80.0,72
309,F,Dave,35,160.3,90.1,77
310,F,Salome,24,168.0,54.5,76
311,M,Daniel,31,165.8,74.0,8
312,M,Daniel,32,165.8,77.2,9
313,F,Sylvia,23,151.8,51.7,87
314,M,Jeffrey,30,166.6,87.2,43
315,F,Angelica,22,171.9,55.7,87
316,F,Louis,24,178.0,76.4,27
317,M,Laurence,33,181.4,84.8,25
318,M,Nathaniel,31,182.7,77.5,95
319,M,Evangeline,25,168.0,55.3,47
320,F,Aurelian,40,155.0,69.6,40
321,F,Ambrose,34,174.3,82.0,81
322,F,Ira,29,161.5,78.5,39
323,F,Rodge,24,160.2,97.3,58
324,M,Caesar,21,171.9,93.9,72
325,F,Norman,33,173.8,80.9,17
326,M,Hilda,32,162.9,70.1,84
327,M,Brad,27,167.1,68.9,2
328,M,Mimi,33,155.7,69.4,100
329,F,Eleanor,27,156.6,48.6,32
330,M,Hiram,36,166.6,89.0,81
331,M,Viv,20,170.1,52.8,33
332,M,Dudley,36,171.2,62.9,2
333,M,Rosalind,21,157.7,65.9,18
334,M,Ingrid,24,158.3,70.5,56
335,F,Annette,31,174.6,65.2,9
336,M,Bryan,20,169.1,60.3,10
337,F,Raphael,35,165.4,71.4,33
338,M,Jessica,31,170.5,79.7,31
339,F,Joshua,23,172.0,84.5,4
340,M,Bertran,27,177.5,84.7,98
341,F,Marian,19,171.4,77.6,36
342,M,Theo,21,163.2,90.8,76
343,M,Kelly,25,155.7,77.3,45
344,M,Lucius,35,172.9,86.5,33
345,F,Gerry,27,176.4,62.3,68
346,F,Adelina,29,158.1,69.1,20
347,M,Sherry,18,158.0,83.0,9
348,F,Daniel,31,160.5,61.9,96
349,M,Doug,37,174.1,70.3,22
350,M,Gloria,30,167.8,51.0,94
351,F,Gideon,38,165.3,88.5,79
352,M,Marty,29,176.2,94.7,34
353,M,Avis,18,154.3,54.1,52
354,F,Desmond,35,162.6,95.0,73
355,M,Leonard,32,163.6,96.1,14
356,M,Josephine,27,164.7,56.3,12
357,M,Hamilton,28,174.4,82.9,13
358,F,Ivy,30,160.5,58.1,3
359,F,Deb,28,151.2,73.0,95
360,F,Flavia,29,158.9,66.3,63
361,M,Gerry,32,180.6,60.2,36
362,M,Lou,36,165.4,99.2,41
363,M,Graeme,27,177.9,70.5,80
364,F,Lynn,24,158.8,77.9,97
365,F,Salome,20,169.5,76.1,15
366,F,Boris,32,169.8,87.8,7
367,M,Georgie,21,150.9,79.9,83
368,F,Tommy,38,165.6,93.3,9
369,M,Uerica,36,160.2,71.3,77
370,F,Martha,37,153.0,45.5,3
371,F,Curt,18,175.4,86.1,83
372,M,Valerie,24,170.2,76.5,5
373,F,Vic,29,164.3,61.7,79
374,M,Scott,39,163.3,97.1,16
375,F,Janey,23,166.6,76.5,96
376,F,Eugene,37,170.3,83.7,15
377,M,Brandon,20,170.4,80.2,0
378,F,Marvin,36,179.7,68.4,32
379,M,Gracie,21,153.6,84.5,94
380,F,Caroline,28,166.4,76.2,23
381,F,Theobald,34,175.0,82.6,32
382,F,Gerard,28,164.6,82.2,61
383,M,Ingrid,28,173.7,78.5,63
384,M,Bert,24,167.6,99.8,18
385,M,Kim,28,150.7,49.3,19
386,M,Flora,18,161.3,75.3,58
387,F,Laurence,20,166.5,81.6,19
388,F,Archie,32,178.7,98.6,76
389,M,Eleanora,29,165.6,76.4,81
390,M,Uerica,40,151.4,78.9,54
391,M,Rosalie,18,153.6,64.8,1
392,F,Peggie,23,160.6,72.1,71
393,F,David,40,168.2,62.6,79
394,F,Patti,25,165.0,71.1,51
395,F,Nicky,28,161.7,51.7,0
396,M,Scott,31,177.5,92.4,36
397,M,Liz,39,157.8,62.5,31
398,M,Agnes,24,159.3,61.7,44
399,M,William,28,169.7,95.9,41
400,F,Joseph,40,183.5,69.0,38
401,M,Jerry,37,176.9,98.9,10
402,M,Neddy,19,177.7,71.3,6
403,F,Lenny,33,162.3,87.7,48
404,M,LuLu,35,165.8,79.0,84
405,F,Julia,27,166.1,58.8,36
406,F,Dawn,35,167.7,57.6,18
407,F,Vivian,21,174.9,66.4,3
408,F,Hazel,18,159.9,56.7,83
409,M,Wesley,33,166.3,77.6,49
410,M,Una,23,157.1,45.8,58
411,F,Sam,29,171.5,78.9,89
412,M,Gertie,27,151.9,83.2,75
413,M,Sinclair,40,174.9,96.8,81
414,F,Naomi,23,161.4,79.2,74
415,F,Adelaide,29,169.3,46.2,91
416,M,LuLu,18,152.5,70.1,2
417,M,Gabriel,26,174.9,96.5,36
418,M,Moira,31,174.1,82.9,58
419,M,Luke,25,165.7,88.6,49
420,M,Bradford,26,166.6,63.6,53
421,F,Wayne,40,176.7,70.9,73
422,M,Saul,29,164.1,99.8,76
423,F,Kay,19,160.4,72.0,8
424,F,Olympia,37,163.4,74.1,48
425,F,Jackie,26,156.8,57.1,63
426,F,Wally,40,168.8,63.9,11
427,F,Eleanora,33,162.2,59.2,23
428,M,Seamas,35,161.6,86.9,28
429,F,Jeanie,37,162.4,72.3,71
430,F,Fay,28,173.4,75.0,40
431,M,Samson,25,168.2,96.5,22
432,M,Noel,18,184.5,82.1,80
433,M,Frankie,29,153.2,57.4,80
434,F,Victoria,19,171.0,48.0,70
435,F,Godfrey,27,169.3,69.6,84
436,F,Robin,33,160.7,53.8,85
437,F,Hal,28,167.2,77.1,30
438,F,Calvin,31,171.9,73.6,54
439,F,Terri,35,171.8,58.8,20
440,M,Rene,32,165.9,70.3,36
441,M,Hedwig,30,159.3,53.1,54
442,M,Muriel,26,172.2,70.9,57
443,M,Clint,25,176.7,89.5,91
444,M,Toni,35,155.5,63.4,23
445,F,Elmer,25,180.6,64.9,6
446,M,Faustina,19,168.9,76.3,83
447,F,Bid,24,154.7,63.2,94
448,M,Freddie,18,168.4,73.9,47
449,F,Urania,31,170.9,69.0,49
450,M,Kimberly,21,155.5,75.8,58
451,F,Sara,23,153.1,78.7,55
452,F,Gavin,31,178.9,80.1,94
453,M,Ron,32,182.9,60.8,98
454,F,Adelaide,23,165.7,52.9,57
455,F,Mark,25,177.4,73.4,61
456,F,Newton,40,178.9,84.9,14
457,M,Agatha,19,150.6,64.5,55
458,M,Muriel,38,161.1,79.6,56
459,F,Joshua,39,174.9,72.9,15
460,F,Maud,21,164.5,66.3,30
461,F,Polly,37,167.4,47.3,29
462,M,Kit,20,171.6,49.5,18
463,F,Lincoln,35,180.2,74.5,51
464,F,Johnny,30,174.1,70.0,28
465,F,Theodoric,33,178.6,71.1,96
466,M,Flora,20,155.1,66.9,28
467,F,Sandy,24,163.5,60.7,81
468,F,Cuthbert,21,164.7,60.4,26
469,M,Quentin,27,185.0,74.0,12
470,M,Lucy,27,169.8,74.6,28
471,F,Eric,25,180.6,92.5,74
472,F,Terri,37,150.1,54.2,15
473,M,Billy,26,173.7,60.5,43
474,M,Lou,18,172.6,89.0,60
475,F,Dolly,34,166.0,70.5,68
476,F,Melanie,29,165.3,63.6,83
477,M,Dominic,18,180.4,81.9,62
478,M,Barbara,18,152.9,81.9,42
479,M,Rudolph,19,163.5,64.9,99
480,M,Diane,40,154.0,59.8,16
481,F,Hugo,30,182.6,91.9,69
482,F,Wendy,27,154.4,48.4,92
483,M,Pete,20,166.7,81.1,61
484,M,Earl,37,169.6,92.4,9
485,F,Juliana,33,154.5,48.7,87
486,F,Gloria,40,153.7,46.2,57
487,F,Penelope,26,165.3,64.0,69
488,F,Auberon,21,183.2,66.1,52
489,M,Emily,36,165.9,52.8,15
490,F,Fay,40,168.8,83.8,74
491,M,Alexander,20,171.4,89.1,88
492,F,Jeffrey,18,173.2,74.4,36
493,F,Hal,23,172.4,81.2,64
494,M,Rosalyn,26,152.5,46.2,7
495,F,Maria,38,165.3,73.8,28
496,M,Thelma,24,167.7,69.2,89
497,F,Lori,26,150.4,45.5,37
498,M,Jimmy,33,163.0,63.4,55
499,M,Rosie,23,174.0,73.1,72
500,F,Uerica,24,170.7,62.7,57
501,M,Fran,24,158.9,76.0,54
502,F,Bobby,29,182.2,84.7,94
503,F,Joanna,33,152.6,50.5,50
504,F,Natasha,38,162.7,81.2,52
505,M,Vera,18,173.6,60.0,76
506,F,Freddie,25,177.3,67.0,39
507,F,Frieda,32,150.8,84.5,16
508,F,Theobald,21,167.2,62.3,39
509,M,Amos,32,161.8,81.3,41
510,M,Rosie,38,161.0,57.9,19
511,F,Ken,30,170.1,85.7,59
512,F,Kay,19,162.2,51.9,28
513,M,Ferdinand,22,171.4,61.5,36
514,M,Nahum,39,176.3,69.8,26
515,M,Ruby,35,150.3,81.7,58
516,F,Mick,20,178.4,86.1,2
517,F,Martina,37,173.3,72.0,81
518,F,Anita,26,159.9,69.5,39
519,F,Sandy,33,166.4,59.6,22
520,M,Kit,37,174.7,52.6,94
521,F,Brandon,21,179.5,70.1,53
522,M,Isaac,31,164.2,71.9,31
523,F,Cecilia,24,163.7,81.3,43
524,F,Michelle,21,156.9,49.3,2
525,F,Arthur,39,168.6,69.5,40
526,F,Sid,21,178.6,78.9,27
527,F,Ken,34,177.4,81.8,99
528,F,Roger,31,183.3,90.7,47
529,F,Seb,37,172.5,87.3,0
530,F,Paddy,23,165.5,67.6,68
531,F,Shirley,26,170.0,60.9,90
532,F,Pam,40,173.3,59.0,71
533,M,Marilyn,38,173.2,73.9,34
534,M,Sara,40,159.6,51.0,98
535,M,Theodore,39,184.4,60.4,36
536,M,Philip,37,168.1,87.1,72
537,F,Frank,40,173.5,87.4,27
538,M,Micky,18,181.4,82.4,93
539,F,Albert,18,160.3,77.4,5
540,F,Basil,23,164.7,67.6,70
541,M,Ebenezer,31,176.9,61.6,18
542,F,Paul,19,161.9,60.8,10
543,M,Marilyn,20,156.7,46.1,71
544,F,Viv,33,171.6,87.6,65
545,F,Charlene,38,173.4,76.0,11
546,F,Sam,19,172.5,86.8,63
547,F,Bernard,35,170.4,82.6,89
548,F,Gareth,31,169.9,79.6,69
549,F,Yvonne,20,154.2,73.4,73
550,M,Elspeth,40,157.8,82.0,28
551,M,Martha,39,163.1,82.4,16
552,F,Cecilia,18,159.0,82.3,66
553,M,Aggie,24,155.0,52.5,67
554,F,Gracie,22,165.0,55.4,85
555,F,Brandon,37,181.0,88.9,11
556,F,Marlene,39,152.4,75.6,81
557,M,Randy,22,168.4,92.2,50
558,M,Samuel,18,160.3,91.7,19
559,F,Norman,31,179.1,86.1,27
560,F,Pearl,32,174.4,78.4,15
561,F,Seb,40,182.7,61.7,84
562,M,Andy,31,167.3,97.9,62
563,M,Pat,36,157.5,47.2,74
564,F,Elva,25,162.5,51.2,29
565,F,Peter,39,171.1,92.6,89
566,F,Brad,38,163.0,64.3,25
567,M,Martina,21,163.9,79.7,74
568,F,Christopher,22,179.0,61.5,69
569,F,Dean,27,164.3,63.4,96
570,M,Lou,29,163.0,79.4,2
571,M,Mark,23,160.6,62.8,62
572,F,Fred,18,180.6,73.9,1
573,M,Angelica,24,150.1,55.9,52
574,M,Lucile,22,158.4,84.7,12
575,F,Faustina,23,171.9,58.3,27
576,M,Hal,32,174.8,88.3,99
577,M,Moira,25,158.5,79.8,78
578,F,Gerald,35,181.3,77.3,85
579,M,Sophronia,22,170.7,53.0,4
580,F,Eva,36,153.6,46.0,43
581,M,Grace,35,170.4,58.1,4
582,M,Bertha,38,165.2,64.5,52
583,M,Marian,39,159.2,67.7,66
584,F,Clark,25,166.7,71.2,13
585,M,Eulalia,29,161.6,73.1,77
586,M,Alexis,33,164.4,70.0,69
587,M,Graeme,40,163.3,82.3,66
588,M,Carmen,35,166.7,84.8,85
589,M,Cary,22,165.6,96.3,6
590,F,Deborah,35,165.2,52.3,16
591,M,Natalie,24,164.6,68.1,31
592,F,Jesse,34,182.7,63.8,16
593,F,Vivian,39,179.8,80.4,32
594,M,,24,161.2,89.2,57
595,F,Una,33,173.9,82.9,18
596,F,Alexandra,37,150.9,69.1,67
597,F,Stan,24,170.6,74.8,85
598,M,Malcolm,30,170.7,62.6,68
599,M,Freda,33,154.7,62.8,63
600,F,Larry,18,172.4,72.5,27
601,M,Teddy,24,162.3,64.4,14
602,M,Rodge,24,180.6,80.2,21
603,F,Sam,18,172.9,45.4,64
604,F,Bryan,29,165.1,84.5,60
605,F,Edwin,30,165.8,94.8,33
606,M,Alistair,26,176.5,61.5,14
607,F,Mandy,33,156.4,76.8,79
608,F,Cynthia,25,152.4,67.1,92
609,F,Philander,29,180.6,64.8,67
610,M,Irwin,19,162.1,93.6,12
611,M,Nahum,34,164.1,84.3,96
612,M,Colleen,37,161.7,76.5,81
613,F,Maggie,29,159.2,81.5,72
614,F,Jim,22,176.7,84.8,12
615,F,Ted,33,171.8,76.5,83
616,M,Terence,24,174.6,86.5,33
617,F,Miriam,29,173.1,56.3,67
618,M,Mavis,20,169.7,57.9,87
619,F,Isaac,19,184.2,78.9,22
620,F,Gwendoline,25,168.0,79.7,64
621,M,Graeme,27,161.9,99.2,37
622,M,Wilbur,35,171.8,87.7,37
623,F,Randolf,32,171.3,98.6,19
624,M,Irene,25,154.0,45.2,13
625,F,Mavis,39,159.1,57.4,92
626,M,Penelope,31,160.0,64.8,34
627,M,Angus,34,171.6,96.8,99
628,F,Val,23,162.5,60.9,93
629,M,Eve,30,171.5,52.6,96
630,M,Rufus,23,163.6,97.0,6
631,M,Jessie,20,171.7,74.2,46
632,M,Jemima,29,160.9,46.7,2
633,M,Gary,36,170.9,97.3,8
634,F,Ava,20,174.3,67.0,10
635,F,Cherry,23,161.0,75.9,58
636,F,Wendy,28,162.3,48.2,95
637,M,Alexis,36,166.8,63.8,54
638,M,Ivan,40,170.4,70.1,24
639,F,Les,25,166.0,71.0,59
640,M,Hedda,27,170.5,76.9,40
641,M,Nicky,36,164.2,77.5,14
642,F,Duncan,35,182.0,93.8,70
643,M,Kathy,27,161.7,61.9,59
644,M,Lincoln,25,160.2,67.4,76
645,F,Sophie,23,167.6,61.8,33
646,F,Natalie,33,159.3,46.3,22
647,M,Teresa,23,174.6,67.8,3
648,F,Katharine,29,173.7,84.2,54
649,M,Michelle,39,160.3,55.4,33
650,F,Gerard,25,182.6,66.5,40
651,M,Theodore,25,184.7,91.3,40
652,M,Daniel,30,171.9,93.8,6
653,F,Felicia,25,156.1,70.1,46
654,F,Julian,31,183.4,61.9,44
655,M,Sophronia,35,158.4,63.0,8
656,M,Madeleine,25,166.4,49.0,59
657,F,Elmer,19,177.4,70.0,99
658,F,Vincent,35,168.7,79.9,35
659,F,Norma,22,162.9,55.6,11
660,M,Wilbur,29,171.8,69.3,78
661,M,Patricia,34,171.1,79.8,88
662,F,Fiona,25,159.0,54.5,25
663,M,Louise,24,153.1,58.6,46
664,M,Eamonn,20,166.5,66.3,77
665,F,Godfrey,18,182.6,73.4,30
666,F,Francis,40,164.8,64.6,60
667,F,Hedwig,27,161.1,48.9,48
668,F,Kit,23,164.1,83.9,19
669,F,Calvin,20,160.1,84.4,97
670,F,Jenny,37,174.8,66.3,84
671,F,Hannah,39,161.1,76.5,91
672,M,Emma,35,152.8,81.6,2
673,M,Rene,19,169.0,88.0,86
674,M,Vince,39,179.9,93.3,98
675,M,Rhoda,31,170.8,46.2,68
676,M,Daniel,29,166.9,72.2,32
677,F,Anne,31,154.1,72.5,97
678,M,Ollie,37,171.2,71.9,7
679,F,Bertha,31,160.4,57.9,88
680,F,Rob,36,180.9,66.2,29
681,F,Ruby,36,171.9,57.9,38
682,M,Jessica,29,160.9,77.5,75
683,F,Lydia,35,168.4,84.4,82
684,M,Aspasia,24,164.4,65.4,1
685,M,Deb,40,168.5,46.8,3
686,F,Maureen,21,159.4,83.0,43
687,M,Nell,40,170.6,46.4,93
688,M,Deirdre,25,156.0,81.1,36
689,M,Troy,36,167.5,72.8,65
690,M,Rory,39,178.9,97.0,57
691,M,Elaine,36,164.2,56.0,45
692,F,Brandon,39,184.7,80.9,57
693,M,Hilary,22,151.4,75.4,72
694,F,Thomas,25,179.6,92.3,64
695,F,Sara,18,157.8,45.2,76
696,F,Tom,33,170.2,79.2,84
697,F,Dawn,27,165.3,81.8,72
698,M,Malachi,24,174.5,79.4,24
699,M,Floyd,20,175.8,94.9,97
700,M,Isabel,31,169.2,69.3,16
701,F,Morris,28,164.6,62.6,56
702,F,Mildred,33,158.9,75.7,98
703,M,Duncan,33,181.0,62.1,59
704,M,Robbie,34,176.1,80.3,38
705,F,Daphne,34,150.6,56.4,100
706,F,Brenda,29,154.8,59.5,90
707,F,Reg,36,166.4,84.7,18
708,M,Dud,18,166.2,73.6,90
709,F,Dermot,33,176.9,84.3,25
710,M,Terry,38,167.4,72.3,75
711,M,Eliot,40,165.4,82.4,69
712,M,Stewart,30,179.9,87.6,19
713,F,Florence,30,153.0,83.8,72
714,F,Jane,18,158.2,66.4,67
715,M,Hubert,33,173.8,81.9,40
716,F,Wilbur,33,181.7,61.6,43
717,M,Nadia,18,155.5,69.4,99
718,M,Persis,29,152.4,72.2,56
719,F,Luke,35,163.0,98.8,98
720,M,Augustus,39,160.1,76.3,6
721,M,Agnes,20,164.4,59.0,2
722,F,Duke,22,178.3,96.3,50
723,F,Frankie,22,164.2,50.2,14
724,F,Harriet,27,166.1,82.3,65
725,F,Heman,32,172.0,63.3,16
726,M,Althea,40,173.8,56.3,95
727,F,Napoleon,18,167.4,86.6,94
728,F,Polly,18,172.0,61.9,84
729,M,Kit,24,181.0,76.3,39
730,M,Carmen,24,162.0,82.6,34
731,M,Liz,33,163.5,66.2,75
732,M,Lauretta,20,171.7,50.7,90
733,M,Robbie,27,169.3,74.5,98
734,M,Lorna,19,169.8,71.1,4
735,M,Georgie,21,164.6,84.4,82
736,F,Ozzie,33,172.2,66.9,48
737,F,Ella,30,151.9,55.4,39
738,M,Stuart,18,171.6,68.2,99
739,F,Malachi,34,181.2,69.1,25
740,M,Rod,32,174.2,88.6,97
741,F,Viv,23,165.0,57.4,60
742,F,Jon,24,162.3,96.7,90
743,F,Ted,24,180.9,67.8,30
744,F,Dennis,18,177.8,65.2,59
745,M,Lucy,33,157.0,46.2,83
746,M,Allson,40,155.1,78.6,17
747,M,Ferdinand,26,161.2,64.3,93
748,M,Alison,30,173.8,58.4,52
749,F,Beatrice,30,165.0,83.5,56
750,M,Brenda,37,166.1,82.7,93
751,M,Una,25,165.7,74.8,63
752,F,Lynn,38,175.3,83.2,1
753,F,Chloe,25,167.8,67.2,34
754,F,Bobby,18,179.6,82.1,53
755,F,Percy,40,178.5,91.2,89
756,M,Faustina,30,168.3,45.1,58
757,M,Rod,30,169.5,61.1,61
758,M,Lindsay,25,168.4,83.9,75
759,M,Dudley,36,167.3,80.3,89
760,M,Becky,32,166.4,49.9,97
761,F,Jode,35,174.1,47.4,4
762,F,Horace,24,161.5,81.6,95
763,M,Liam,40,177.2,87.1,60
764,F,Maurice,35,171.0,70.7,100
765,M,Cecily,32,157.9,56.7,63
766,F,Susanna,20,159.2,84.6,77
767,M,Eliza,22,167.3,47.2,77
768,M,Thelma,37,165.5,59.6,41
769,F,Ingrid,27,172.8,75.3,22
770,M,Dottie,26,174.8,68.3,98
771,M,Wilbur,34,167.1,66.9,27
772,F,Jeremy,34,184.7,97.8,72
773,F,Rosalie,34,165.4,56.5,98
774,F,Celia,22,155.6,64.8,67
775,M,Cherry,28,158.0,54.1,11
776,M,Frank,24,177.1,84.0,17
777,M,Marshall,37,177.3,88.7,29
778,F,Ellie,20,161.5,70.8,22
779,F,Cora,30,154.1,75.7,44
780,M,Clifford,24,168.9,69.2,47
781,F,Norbert,30,167.5,94.5,69
782,F,Job,36,166.5,70.1,20
783,F,Eli,34,169.1,91.9,65
784,M,Elmer,33,175.6,93.6,96
785,F,Thalia,40,170.0,60.9,7
786,F,Helga,24,171.3,50.6,16
787,M,Nicola,37,152.9,71.0,0
788,F,Matlhew,36,178.8,92.3,91
789,M,Kay,31,161.5,91.0,92
790,F,Penny,26,154.4,60.3,51
791,F,Hugo,30,174.8,92.9,87
792,M,Frank,35,160.6,98.1,12
793,F,Eve,26,157.4,61.1,15
794,F,Kay,34,160.0,61.1,41
795,M,Deborah,30,172.0,78.8,34
796,F,Herman,39,174.6,63.6,62
797,M,Philippa,33,159.0,55.2,8
798,M,Hector,24,166.4,96.5,59
799,F,Derby,23,175.7,96.1,4
800,F,Ellen,33,162.2,82.7,54
801,M,Tabitha,18,155.1,73.0,78
802,F,Georgia,25,163.4,82.7,2
803,M,Yvonne,35,161.2,58.7,95
804,M,Sherry,24,161.4,47.2,2
805,F,Murray,25,171.3,85.8,91
806,M,Martha,36,166.8,45.4,28
807,M,Tess,26,161.3,79.9,22
808,M,Lynn,34,169.6,74.6,19
809,F,Dean,19,170.1,62.0,29
810,F,Jarvis,20,184.9,98.8,71
811,M,Mitchell,26,175.1,61.0,35
812,F,Janey,40,152.6,53.0,29
813,F,Carrie,32,160.4,69.4,63
814,M,Reuel,24,160.7,67.7,22
815,F,Teresa,18,169.9,75.3,8
816,M,Frances,34,157.1,68.5,25
817,M,Jesse,34,175.7,93.1,44
818,F,Seb,34,174.4,66.2,78
819,F,Vivian,18,183.7,83.1,50
820,F,Samson,32,166.3,83.0,25
821,M,Evadne,27,152.6,56.4,78
822,M,Timothy,20,164.7,62.5,50
823,F,Guy,21,165.0,94.5,85
824,M,Nigel,36,160.8,95.8,43
825,F,Humphry,21,161.3,99.8,12
826,M,Roberta,36,170.4,63.5,70
827,F,Lorna,22,172.3,69.4,32
828,F,Florrie,29,169.2,58.6,34
829,M,Flo,37,161.6,45.7,77
830,M,Olga,37,158.7,71.4,32
831,M,David,21,181.3,88.4,58
832,M,Joan,35,151.0,68.1,27
833,F,Pru,27,161.8,81.8,7
834,M,Donna,23,167.4,53.0,65
835,F,Dottie,32,152.3,63.8,55
836,F,Ellen,33,157.0,77.5,66
837,F,Dud,39,160.4,77.2,57
838,F,Vivian,30,152.3,47.3,19
839,M,Will,33,179.7,81.6,36
840,M,Alexandra,26,154.0,53.3,92
841,M,Isabella,20,169.1,82.6,69
842,F,Rosie,39,152.6,63.7,43
843,M,Pam,21,157.9,48.1,87
844,M,Olive,21,157.8,81.0,73
845,M,Raphael,31,165.6,81.8,69
846,M,Richard,31,167.5,65.4,83
847,F,Prudence,20,154.4,67.1,31
848,F,Ernest,25,184.5,81.1,36
849,M,Jan,27,162.3,51.8,97
850,M,Oswald,38,178.4,82.3,22
851,F,Claude,33,169.3,81.3,29
852,M,Donald,26,169.2,61.2,28
853,F,Rose,40,171.7,54.0,65
854,M,Glenda,36,169.7,47.8,40
855,F,Jess,19,162.3,55.8,85
856,M,Bert,28,172.3,93.6,47
857,M,Ruth,39,171.7,65.7,69
858,M,Toni,22,165.9,50.7,80
859,F,Luman,39,171.6,90.9,43
860,F,Pat,24,152.1,76.3,78
861,F,Cynthia,22,166.2,50.7,42
862,M,Frankie,32,160.7,45.1,27
863,M,Mary,27,174.8,76.9,58
864,F,Lucile,34,162.4,65.8,35
865,M,Thirza,40,150.1,50.6,73
866,M,Ellen,34,169.9,77.9,11
867,M,Neddy,34,168.8,95.2,56
868,F,Rudolph,34,160.6,64.4,84
869,F,Joan,39,150.6,73.4,30
870,M,Hugh,21,175.1,68.9,36
871,F,Oz,32,165.2,83.1,8
872,F,Olive,18,172.6,78.3,0
873,F,Heather,38,164.4,51.3,55
874,M,Nicola,18,171.5,48.7,21
875,F,Viola,36,163.1,64.3,19
876,M,Anthony,25,164.8,86.3,32
877,F,Anita,32,162.1,75.9,98
878,F,Althea,29,159.4,51.3,24
879,M,Richard,27,178.3,74.4,48
880,F,Rebecca,24,173.6,83.2,10
881,F,Abraham,29,160.3,84.5,48
882,M,Graeme,40,162.0,92.4,31
883,F,Bridget,31,167.6,50.0,44
884,F,Evelyn,27,171.4,52.7,56
885,F,Earl,33,168.0,93.9,26
886,F,Gwendoline,25,175.0,50.1,53
887,M,Raymond,31,171.0,90.6,98
888,F,Gavin,40,169.5,91.3,25
889,M,Herbert,31,176.3,83.8,86
890,M,Rosa,40,160.1,58.7,100
891,F,Mercedes,40,150.3,71.9,0
892,M,Jock,27,175.2,91.8,78
893,F,Margery,20,167.9,54.2,65
894,F,Irving,27,165.7,96.5,88
895,M,Quentin,40,161.4,98.2,39
896,M,Emily,34,169.5,55.1,14
897,F,Constance,36,158.8,81.8,80
898,M,Carla,25,173.9,65.1,50
899,F,Rodge,32,161.1,82.2,0
900,M,Robin,24,150.4,75.8,2
901,F,Una,20,150.3,68.2,37
902,M,Irving,33,177.7,64.0,53
903,F,Martha,38,171.4,62.0,48
904,F,Chris,34,174.7,70.5,8
905,M,Vince,31,178.2,76.9,64
906,F,Norbert,24,181.8,96.6,52
907,M,Rosalie,36,153.8,59.2,61
908,F,Thelma,28,162.8,60.7,18
909,F,Jane,29,164.6,71.5,3
910,F,Robbie,35,175.0,74.2,61
911,M,Gertie,35,166.4,52.1,49
912,F,Winston,25,171.9,91.7,75
913,M,Gordon,22,178.9,94.5,65
914,M,Maureen,28,173.9,45.2,83
915,F,Samantha,39,171.5,82.1,42
916,M,Ruth,18,155.9,58.7,41
917,F,Gilbert,40,178.8,86.7,51
918,F,Nelson,40,169.0,98.5,5
919,M,Jocelyn,32,159.1,76.6,14
920,F,Alex,33,170.3,45.1,88
921,M,Solomon,22,171.2,98.4,63
922,F,Amy,18,168.6,82.8,47
923,F,Glenda,39,161.7,62.7,35
924,F,Frankie,23,167.6,45.1,79
925,M,Joyce,35,173.3,50.4,96
926,M,Terence,22,170.7,93.5,64
927,M,Homer,19,176.1,79.8,74
928,M,Millie,22,152.1,61.5,31
929,F,Evelyn,20,174.2,58.0,20
930,M,Eamonn,30,178.4,66.5,51
931,F,Nicky,33,172.3,63.7,37
932,F,Claude,27,174.8,78.8,73
933,F,Homer,19,168.9,67.4,82
934,F,Joyce,34,151.7,62.1,14
935,F,Roland,34,164.2,93.5,96
936,M,Barbara,30,166.0,78.6,30
937,F,Nigel,18,177.0,61.2,50
938,F,Avis,27,160.0,50.1,68
939,M,Marcie,24,156.8,71.5,62
940,M,Jonathan,20,183.7,83.0,79
941,M,Peggie,27,164.6,75.6,32
942,F,Jessie,31,165.4,56.8,91
943,F,Brad,26,160.9,98.2,78
944,M,Eulalia,20,161.4,60.3,56
945,M,Edith,35,171.8,66.2,56
946,M,Annie,28,159.4,79.3,66
947,M,Alma,35,153.2,83.1,77
948,F,Raphael,20,167.5,65.7,31
949,F,Christian,27,168.4,78.9,5
950,M,Ellie,30,155.3,54.0,78
951,M,Helen,36,164.4,47.3,87
952,M,Marcia,37,165.8,55.0,77
953,M,Charles,25,176.2,68.9,90
954,F,Craig,35,172.4,94.1,40
955,M,Jack,33,163.6,96.9,73
956,M,Olivia,36,173.6,83.8,12
957,F,Eric,37,168.2,82.7,75
958,F,Katie,24,160.4,65.3,74
959,M,Fidelia,19,163.8,74.3,93
960,F,Mandy,21,150.6,77.9,4
961,F,Danny,26,184.4,64.5,1
962,F,Frederick,31,175.4,91.6,84
963,F,Oswald,21,169.7,80.9,12
964,M,Van,32,161.9,75.6,84
965,F,Val,31,167.7,77.3,60
966,M,Rose,36,152.1,69.6,27
967,M,Frankie,36,169.4,67.9,94
968,M,Johnny,33,169.7,72.8,36
969,M,Curtis,24,177.9,88.0,29
970,F,Fidelia,29,156.7,58.5,8
971,F,Elsa,37,155.1,45.2,83
972,F,Meg,22,167.3,56.3,26
973,M,Newton,25,183.9,65.6,93
974,M,Glen,38,165.9,69.8,21
975,F,Humphry,36,179.5,84.8,87
976,F,Freddie,22,184.9,92.7,93
977,F,Len,26,160.5,92.4,56
978,F,Celestine,26,161.0,74.4,90
979,M,Carmen,19,157.9,49.8,49
980,M,Terri,35,162.8,58.9,41
981,F,Celestine,30,150.3,55.2,66
982,F,Camilla,30,160.7,83.5,82
983,M,Crystal,38,166.6,49.8,11
984,F,Sharon,40,161.1,61.5,87
985,M,Monroe,26,183.8,64.0,77
986,M,Millicent,27,154.7,58.7,39
987,M,Mattew,23,167.0,68.5,83
988,F,Jill,34,156.2,58.3,22
989,F,Carrie,29,162.9,47.6,90
990,M,Francis,37,181.7,60.3,34
991,F,Norma,29,173.7,83.7,32
992,M,Justin,26,160.6,76.1,59
993,F,Len,26,180.8,81.4,77
994,M,Abraham,40,170.0,60.7,85
995,M,Brenda,36,174.5,56.3,63
996,M,Reynold,22,163.4,99.7,98
997,M,Louisa,31,151.3,74.2,65
998,F,Nicole,18,153.4,72.2,85
999,F,Adelaide,22,171.3,84.1,80
1000,M,Grace,32,173.5,78.9,12
